Workbook

Sheet README
A1: VAP Formula Pricing – Reference Flow (Scenario 1)
A3: Purpose
A4: This workbook is a simplified, readable reference of the current Excel-based formula pricing execution flow (monthly, multiple materials).
A6: How to use
A7: 1) Start at Run_Context (defines customer + period + materials)
A8: 2) Market_Backup holds daily market time series (user-populated)
A9: 3) Pricing_Summary computes period averages + as-of timestamp
A10: 4) Payment_Terms contains rate-based adders
A11: 5) Freight adders are maintained in Freight_Table and pulled into Material pricing tabs via Plant from Run_Context.
A12: 6) Material_A_Pricing / Material_B_Pricing show line-level build to FOB
A13: 7) Pricing_Results consolidates outputs
A14: 8) SAP_Output shapes outputs for upload templates (optional)
... A21: Green = user / governed input; Gray = system populated (markets/config); Purple = system calculated.

Sheet Run_Context
A1: Customer | B1: Pricing Period | C1: Pricing Basis (Order/Delivery) | D1: Currency | E1: Materials in Scope | F1: Plants (optional) | G1: Run Notes | I1: Legend
A2: General Mills | B2: May 2025 | C2: Order | D2: USD | E2: MAT-A; MAT-B | G2: Scenario 1 reference run (illustrative) | I2: User input
I3: System populated
I4: System calculated

Sheet Market_Backup
A1: Date | B1: Beef Index A (USDA) | C1: Beef Index B (Urner Barry) | E1: Legend
A2: 45772 | B2: 2.7894 | C2: 3.1221 | E2: User input | G2: <-let's assume user copies and pastes this in
A3: 45773 | B3: 2.7985 | C3: 3.0879 | E3: System populated
A4: 45774 | B4: 2.8006 | C4: 3.0771 | E4: System calculated
A5: 45775 | B5: 2.7741 | C5: 3.0777
A6: 45776 | B6: 2.7464 | C6: 3.0724
A7: 45777 | B7: 2.7206 | C7: 3.0397
A8: 45778 | B8: 2.716 | C8: 3.0658
A9: 45779 | B9: 2.6935 | C9: 3.0437
A10: 45780 | B10: 2.7011 | C10: 3.0795
A11: 45781 | B11: 2.7057 | C11: 3.0712
A12: 45782 | B12: 2.7343 | C12: 3.0349
A13: 45783 | B13: 2.7558 | C13: 3.0181
A14: 45784 | B14: 2.7345 | C14: 2.9875
A15: 45785 | B15: 2.723 | C15: 3.0128
A16: 45786 | B16: 2.7038 | C16: 3.0194
... A31: 45801 | B31: 2.6943 | C31: 2.979

Sheet Pricing_Summary
A1: Market Series | B1: Averaging Window | C1: Period Average | D1: As-of Date | F1: Legend
A2: Beef Index A | B2: 2025-04-25 to 2025-05-24 | C2: =AVERAGEIFS(Market_Backup!B:B,Market_Backup!A:A,">="&DATE(2025,4,25),Market_Backup!A:A,"<="&DATE(2025,5,24)) -> 2.7202367 | D2: =MAX(Market_Backup!A:A) -> 45801 | F2: User input
A3: Beef Index B | B3: 2025-04-25 to 2025-05-24 | C3: =AVERAGEIFS(Market_Backup!C:C,Market_Backup!A:A,">="&DATE(2025,4,25),Market_Backup!A:A,"<="&DATE(2025,5,24)) -> 3.00853 | D3: =MAX(Market_Backup!A:A) -> 45801 | F3: System populated
F4: System calculated

Sheet Payment_Terms
A1: Payment Terms Code | B1: Rate (%) | C1: Effective Start Date | D1: Effective End Date | F1: Legend
A2: NET30 | B2: 0.0252 | C2: 45658 | D2: 46022 | F2: User input
A3: NET15 | B3: 0.018 | C3: 45658 | D3: 46022 | F3: System populated
F4: System calculated

Sheet Freight_Table
A1: Customer | B1: Plant | C1: Lane / Zone (optional) | D1: Freight per lb | E1: Effective Start | F1: Effective End | H1: Legend
A2: General Mills | B2: Plant A | C2: Default | D2: 0.09 | E2: 2025-05-01 | F2: 2025-05-31 | H2: User input
A3: General Mills | B3: Plant B | C3: Default | D3: 0.11 | E3: 2025-05-01 | F3: 2025-05-31 | H3: System populated
H4: System calculated

Sheet Material_A_Pricing
A1: Component | B1: Factor Type | C1: Factor Value | D1: Market Reference | E1: Calculated Cost | G1: Legend
A2: Beef Index A | B2: Recipe % | C2: 0.4425 | D2: Pricing_Summary!C2 | E2: =0.4425*Pricing_Summary!C2 -> 1.2037047 | G2: User input
A3: Beef Index B | B3: Recipe % | C3: 0.4455 | D3: Pricing_Summary!C3 | E3: =0.4455*Pricing_Summary!C3 -> 1.3403001 | G3: System populated
A4: Other Ingredients | B4: Recipe % | C4: 0.042 | D4: - | E4: =0.042*0.9 -> 0.0378 | G4: System calculated
A5: Pre-yield subtotal | B5: CALC | D5: - | E5: =SUM(E2:E4) -> 2.5818048
A6: Yield | B6: Yield divisor | C6: 0.63 | D6: -
A7: Post-yield subtotal | B7: CALC | D7: - | E7: =E5/0.63 -> 4.0981029
A8: Packaging | B8: Adder | C8: 0.14 | D8: - | E8: =0.14 -> 0.14
A9: Freight | B9: Adder | C9: =VLOOKUP("Plant A",Freight_Table!B:D,3,FALSE) -> 0.09 | D9: Plant A | E9: =C9 -> 0.09
A10: FOB Price (pre terms) | B10: CALC | D10: - | E10: =E8+E9+E7 -> 4.3281029
A11: Payment Terms | B11: Rate | C11: =VLOOKUP("NET30",Payment_Terms!A:B,2,FALSE) -> 0.0252 | D11: NET30 | E11: =E10*C11 -> 0.10906819
A12: FOB Price (final) | B12: CALC | D12: - | E12: =E10+E11 -> 4.4371711
A14: Validation checks
A15: Recipe % total | B15: CALC | C15: =SUM(C2:C4) -> 0.93 | E15: =IF(ABS(C15-1)<0.0001,"OK","CHECK") -> CHECK
A16: Market averages present | C16: =IF(OR(Pricing_Summary!C2="",Pricing_Summary!C3=""),"MISSING","OK") -> OK
A17: As-of date stamped | C17: =IF(Pricing_Summary!D2="","MISSING","OK") -> OK

Sheet Material_B_Pricing
A1: Component | B1: Factor Type | C1: Factor Value | D1: Market Reference | E1: Calculated Cost | G1: Legend
A2: RM / Beef Index A | B2: Recipe % | C2: 0.38 | D2: Pricing_Summary!C2 | E2: =0.38*Pricing_Summary!C2 -> 1.0336899 | G2: User input
A3: RM / Beef Index B | B3: Recipe % | C3: 0.52 | D3: Pricing_Summary!C3 | E3: =0.52*Pricing_Summary!C3 -> 1.5644356 | G3: System populated
A4: Other Ingredients | B4: Recipe % | C4: 0.042 | D4: - | E4: =0.042*0.9 -> 0.0378 | G4: System calculated
A5: Pre-yield subtotal | B5: CALC | D5: - | E5: =SUM(E2:E4) -> 2.6359255
A6: Yield | B6: Yield divisor | C6: 0.63 | D6: -
A7: Post-yield subtotal | B7: CALC | D7: - | E7: =E5/0.63 -> 4.1840088
A8: Packaging | B8: Adder | C8: 0.12 | D8: - | E8: =0.12 -> 0.12
A9: Freight | B9: Adder | C9: =VLOOKUP("Plant B",Freight_Table!B:D,3,FALSE) -> 0.11 | D9: Plant B | E9: =C9 -> 0.11
A10: FOB Price (pre terms) | B10: CALC | D10: - | E10: =E7+E8+E6 -> 4.3040088
A11: Payment Terms | B11: Rate | C11: =VLOOKUP(D11,Payment_Terms!A:B,2,FALSE) -> 0.018 | D11: NET15 | E11: =E10*C11 -> 0.077472158
A12: FOB Price (final) | B12: CALC | D12: - | E12: =E10+E11 -> 4.3814809
A14: Validation checks
A15: Recipe % total | B15: CALC | C15: =SUM(C2:C4) -> 0.942 | E15: =IF(ABS(C15-1)<0.0001,"OK","CHECK") -> CHECK
A16: Market averages present | C16: =IF(OR(Pricing_Summary!C2="",Pricing_Summary!C3=""),"MISSING","OK") -> OK
A17: As-of date stamped | C17: =IF(Pricing_Summary!D2="","MISSING","OK") -> OK

Sheet Pricing_Results
A1: Material | B1: FOB Price | C1: Pre-Yield Subtotal | D1: Post-Yield Subtotal | E1: Notes | G1: Legend
A2: MAT-A | B2: =Material_A_Pricing!E12 -> 4.4371711 | C2: =Material_A_Pricing!E5 -> 2.5818048 | D2: =Material_A_Pricing!E7 -> 4.0981029 | E2: Illustrative | G2: User input
A3: MAT-B | B3: =Material_B_Pricing!E12 -> 4.3814809 | C3: =Material_B_Pricing!E5 -> 2.6359255 | D3: =Material_B_Pricing!E7 -> 4.1840088 | E3: Illustrative | G3: System populated
G4: System calculated

Sheet SAP_Output
A1: Customer | B1: Material | C1: Valid From | D1: Valid To | E1: Condition Rate | F1: Pricing Unit | H1: Legend
A2: =Run_Context!A2 -> General Mills | B2: MAT-A | C2: 45778 | D2: 45808 | E2: =Pricing_Results!B2 -> 4.4371711 | F2: 1 | H2: User input
A3: =Run_Context!A2 -> General Mills | B3: MAT-B | C3: 45778 | D3: 45808 | E3: =Pricing_Results!B3 -> 4.3814809 | F3: 1 | H3: System populated
H4: System calculated
